community_fips_code,year,hdd
0200065,2017,8252
0200065,2018,7786
0200065,2019,7979
0200065,2020,7587
0200065,2021,7165
0200065,2022,8248
0200065,2023,8615
0200065,2024,8885
0200650,2017,8752
0200650,2018,8066
0200650,2019,7499
0200650,2020,9062
0200650,2021,9469
0200650,2022,8439
0200650,2023,9343
0200650,2024,8879
0200760,2017,11328
0200760,2018,10660
0200760,2019,10101
0200760,2020,11807
0200760,2021,12418
0200760,2022,11434
0200760,2023,12283
0200760,2024,11756
0200870,2017,11319
0200870,2018,10652
0200870,2019,10087
0200870,2020,11804
0200870,2021,12406
0200870,2022,11416
0200870,2023,12258
0200870,2024,11734
0201090,2017,8798
0201090,2018,8280
0201090,2019,7929
0201090,2020,8603
0201090,2021,8585
0201090,2022,8484
0201090,2023,8863
0201090,2024,9075
0201200,2017,12104
0201200,2018,11329
0201200,2019,11138
0201200,2020,12409
0201200,2021,13330
0201200,2022,12336
0201200,2023,13308
0201200,2024,12526
0201305,2017,13776
0201305,2018,13670
0201305,2019,13160
0201305,2020,14767
0201305,2021,15020
0201305,2022,14186
0201305,2023,13969
0201305,2024,13938
0201390,2017,13999
0201390,2018,13842
0201390,2019,12878
0201390,2020,14755
0201390,2021,14815
0201390,2022,14173
0201390,2023,13816
0201390,2024,14079
0201420,2017,10616
0201420,2018,9688
0201420,2019,8955
0201420,2020,10984
0201420,2021,11679
0201420,2022,10374
0201420,2023,11170
0201420,2024,10735
0201560,2017,9096
0201560,2018,8387
0201560,2019,7628
0201560,2020,9029
0201560,2021,9338
0201560,2022,8497
0201560,2023,9267
0201560,2024,9115
0201860,2017,13792
0201860,2018,13676
0201860,2019,13175
0201860,2020,14776
0201860,2021,15021
0201860,2022,14190
0201860,2023,13972
0201860,2024,13947
0201970,2017,13756
0201970,2018,13403
0201970,2019,13001
0201970,2020,14467
0201970,2021,15219
0201970,2022,14285
0201970,2023,14175
0201970,2024,14200
0202080,2017,15580
0202080,2018,15627
0202080,2019,15208
0202080,2020,16783
0202080,2021,17416
0202080,2022,16551
0202080,2023,16189
0202080,2024,16255
0203000,2017,10327
0203000,2018,9271
0203000,2019,8745
0203000,2020,10409
0203000,2021,10800
0203000,2022,9529
0203000,2023,10066
0203000,2024,10056
0203110,2017,9735
0203110,2018,9023
0203110,2019,8456
0203110,2020,10046
0203110,2021,10277
0203110,2022,9366
0203110,2023,9849
0203110,2024,9555
0203220,2017,12565
0203220,2018,12404
0203220,2019,11767
0203220,2020,13465
0203220,2021,13584
0203220,2022,13176
0203220,2023,13137
0203220,2024,12755
0203440,2017,8070
0203440,2018,7574
0203440,2019,7385
0203440,2020,8051
0203440,2021,8323
0203440,2022,7805
0203440,2023,7555
0203440,2024,8004
0203550,2017,11354
0203550,2018,10875
0203550,2019,10355
0203550,2020,12119
0203550,2021,12599
0203550,2022,11627
0203550,2023,12350
0203550,2024,11860
0203880,2017,11795
0203880,2018,11550
0203880,2019,11157
0203880,2020,12824
0203880,2021,13335
0203880,2022,12374
0203880,2023,13042
0203880,2024,12496
0203990,2017,15354
0203990,2018,15667
0203990,2019,15328
0203990,2020,16410
0203990,2021,17004
0203990,2022,16566
0203990,2023,15940
0203990,2024,16335
0204210,2017,8112
0204210,2018,7700
0204210,2019,7819
0204210,2020,7602
0204210,2021,7233
0204210,2022,8194
0204210,2023,8551
0204210,2024,8811
0204430,2017,11382
0204430,2018,10713
0204430,2019,10175
0204430,2020,11832
0204430,2021,12483
0204430,2022,11503
0204430,2023,12404
0204430,2024,11841
0204500,2017,16576
0204500,2018,16955
0204500,2019,15623
0204500,2020,17876
0204500,2021,18063
0204500,2022,17644
0204500,2023,16937
0204500,2024,17158
0205000,2017,12714
0205000,2018,12417
0205000,2019,11808
0205000,2020,13770
0205000,2021,13794
0205000,2022,13133
0205000,2023,12937
0205000,2024,12962
0205585,2017,9678
0205585,2018,8697
0205585,2019,8065
0205585,2020,9572
0205585,2021,9963
0205585,2022,9148
0205585,2023,9432
0205585,2024,9377
0205750,2017,13782
0205750,2018,13605
0205750,2019,13605
0205750,2020,14446
0205750,2021,14585
0205750,2022,14215
0205750,2023,13337
0205750,2024,13816
0206245,2017,10737
0206245,2018,10277
0206245,2019,8962
0206245,2020,10734
0206245,2021,11082
0206245,2022,9852
0206245,2023,10336
0206245,2024,10227
0206520,2017,11337
0206520,2018,10645
0206520,2019,10078
0206520,2020,11768
0206520,2021,12404
0206520,2022,11408
0206520,2023,12287
0206520,2024,11756
0206630,2017,14094
0206630,2018,13918
0206630,2019,13570
0206630,2020,15040
0206630,2021,15209
0206630,2022,14421
0206630,2023,14169
0206630,2024,14211
0206850,2017,12612
0206850,2018,12304
0206850,2019,11760
0206850,2020,13851
0206850,2021,13697
0206850,2022,12960
0206850,2023,13007
0206850,2024,12759
0207070,2017,10505
0207070,2018,9663
0207070,2019,9171
0207070,2020,10870
0207070,2021,11258
0207070,2022,9835
0207070,2023,10316
0207070,2024,10254
0207620,2017,13888
0207620,2018,13731
0207620,2019,13478
0207620,2020,14730
0207620,2021,14874
0207620,2022,14461
0207620,2023,13612
0207620,2024,14089
0208740,2017,13449
0208740,2018,12480
0208740,2019,12188
0208740,2020,13479
0208740,2021,14616
0208740,2022,13799
0208740,2023,14127
0208740,2024,13884
0209600,2017,13266
0209600,2018,12650
0209600,2019,12304
0209600,2020,13994
0209600,2021,14975
0209600,2022,14124
0209600,2023,14264
0209600,2024,13871
0209657,2017,10529
0209657,2018,9978
0209657,2019,9266
0209657,2020,11051
0209657,2021,11794
0209657,2022,10109
0209657,2023,10418
0209657,2024,10464
0209710,2017,10088
0209710,2018,9438
0209710,2019,8759
0209710,2020,10845
0209710,2021,11208
0209710,2022,9453
0209710,2023,9894
0209710,2024,9974
0210150,2017,13087
0210150,2018,12716
0210150,2019,12141
0210150,2020,14105
0210150,2021,14206
0210150,2022,13612
0210150,2023,13441
0210150,2024,13252
0211690,2017,13381
0211690,2018,13666
0211690,2019,13270
0211690,2020,14897
0211690,2021,15128
0211690,2022,14692
0211690,2023,13924
0211690,2024,14247
0211800,2017,14028
0211800,2018,14138
0211800,2019,13546
0211800,2020,14917
0211800,2021,15343
0211800,2022,15179
0211800,2023,14392
0211800,2024,14872
0212350,2017,11162
0212350,2018,10666
0212350,2019,10112
0212350,2020,11774
0212350,2021,11961
0212350,2022,10829
0212350,2023,11239
0212350,2024,11130
0212680,2017,11094
0212680,2018,10442
0212680,2019,10066
0212680,2020,11456
0212680,2021,11970
0212680,2022,11250
0212680,2023,12114
0212680,2024,11583
0212920,2017,12807
0212920,2018,12511
0212920,2019,11864
0212920,2020,13757
0212920,2021,13768
0212920,2022,13122
0212920,2023,12962
0212920,2024,12973
0212970,2017,8968
0212970,2018,8510
0212970,2019,7936
0212970,2020,8796
0212970,2021,9204
0212970,2022,8553
0212970,2023,8883
0212970,2024,8894
0213230,2017,11736
0213230,2018,10914
0213230,2019,10697
0213230,2020,11910
0213230,2021,12698
0213230,2022,11978
0213230,2023,13060
0213230,2024,12289
0213340,2017,10475
0213340,2018,10258
0213340,2019,9572
0213340,2020,11602
0213340,2021,12216
0213340,2022,10240
0213340,2023,10580
0213340,2024,10561
0213450,2017,14412
0213450,2018,14053
0213450,2019,13377
0213450,2020,15379
0213450,2021,14990
0213450,2022,14696
0213450,2023,13898
0213450,2024,14354
0213550,2017,9012
0213550,2018,8346
0213550,2019,7699
0213550,2020,8973
0213550,2021,9271
0213550,2022,8589
0213550,2023,9086
0213550,2024,9091
0213670,2017,9029
0213670,2018,8350
0213670,2019,7700
0213670,2020,8990
0213670,2021,9291
0213670,2022,8611
0213670,2023,9102
0213670,2024,9102
0213780,2017,9069
0213780,2018,8392
0213780,2019,7741
0213780,2020,9016
0213780,2021,9302
0213780,2022,8647
0213780,2023,9135
0213780,2024,9136
0213860,2017,8780
0213860,2018,8066
0213860,2019,7433
0213860,2020,8675
0213860,2021,8972
0213860,2022,8216
0213860,2023,8992
0213860,2024,8887
0213890,2017,14248
0213890,2018,13856
0213890,2019,12878
0213890,2020,14870
0213890,2021,14889
0213890,2022,14145
0213890,2023,13718
0213890,2024,14031
0214000,2017,13145
0214000,2018,12968
0214000,2019,11943
0214000,2020,13793
0214000,2021,13951
0214000,2022,13115
0214000,2023,12859
0214000,2024,13142
0214110,2017,11776
0214110,2018,11237
0214110,2019,10435
0214110,2020,12028
0214110,2021,12327
0214110,2022,11340
0214110,2023,11275
0214110,2024,11563
0214330,2017,11427
0214330,2018,10970
0214330,2019,10439
0214330,2020,12203
0214330,2021,12666
0214330,2022,11689
0214330,2023,12407
0214330,2024,11919
0214880,2017,13479
0214880,2018,13707
0214880,2019,13298
0214880,2020,14781
0214880,2021,15300
0214880,2022,14990
0214880,2023,14118
0214880,2024,14506
0215320,2017,10684
0215320,2018,9723
0215320,2019,9108
0215320,2020,10818
0215320,2021,11077
0215320,2022,10042
0215320,2023,10619
0215320,2024,10320
0215430,2017,10525
0215430,2018,9546
0215430,2019,8831
0215430,2020,10938
0215430,2021,11693
0215430,2022,10243
0215430,2023,11009
0215430,2024,10575
0216360,2017,7461
0216360,2018,6979
0216360,2019,6832
0216360,2020,7490
0216360,2021,7794
0216360,2022,7127
0216360,2023,6869
0216360,2024,7122
0216420,2017,10730
0216420,2018,9679
0216420,2019,9062
0216420,2020,10879
0216420,2021,11154
0216420,2022,10055
0216420,2023,10613
0216420,2024,10256
0216530,2017,8896
0216530,2018,8279
0216530,2019,7792
0216530,2020,8817
0216530,2021,8917
0216530,2022,8629
0216530,2023,8954
0216530,2024,9037
0216630,2017,14269
0216630,2018,14089
0216630,2019,13864
0216630,2020,15248
0216630,2021,15501
0216630,2022,14764
0216630,2023,14453
0216630,2024,14568
0216750,2017,12786
0216750,2018,12473
0216750,2019,11824
0216750,2020,13720
0216750,2021,13747
0216750,2022,13105
0216750,2023,12911
0216750,2024,12936
0217190,2017,10403
0217190,2018,9409
0217190,2019,8606
0217190,2020,10454
0217190,2021,10813
0217190,2022,9690
0217190,2023,10123
0217190,2024,9949
0217300,2017,12274
0217300,2018,11991
0217300,2019,11033
0217300,2020,12680
0217300,2021,12957
0217300,2022,12021
0217300,2023,11931
0217300,2024,12265
0217410,2017,8652
0217410,2018,8448
0217410,2019,7943
0217410,2020,9100
0217410,2021,9648
0217410,2022,9102
0217410,2023,9073
0217410,2024,9118
0217670,2017,9351
0217670,2018,8916
0217670,2019,8391
0217670,2020,9474
0217670,2021,9547
0217670,2022,8789
0217670,2023,8556
0217670,2024,9098
0217740,2017,7217
0217740,2018,6640
0217740,2019,6649
0217740,2020,7340
0217740,2021,7705
0217740,2022,6983
0217740,2023,6786
0217740,2024,6699
0217850,2017,11408
0217850,2018,11083
0217850,2019,10553
0217850,2020,12367
0217850,2021,12738
0217850,2022,11727
0217850,2023,12408
0217850,2024,11953
0217960,2017,10682
0217960,2018,9718
0217960,2019,8974
0217960,2020,10589
0217960,2021,10951
0217960,2022,9931
0217960,2023,10287
0217960,2024,10313
0218510,2017,13411
0218510,2018,12676
0218510,2019,12303
0218510,2020,14121
0218510,2021,15069
0218510,2022,14303
0218510,2023,14477
0218510,2024,14033
0218620,2017,12659
0218620,2018,12398
0218620,2019,11797
0218620,2020,13894
0218620,2021,13749
0218620,2022,13011
0218620,2023,13045
0218620,2024,12796
0218675,2017,12835
0218675,2018,12431
0218675,2019,11858
0218675,2020,13830
0218675,2021,13740
0218675,2022,13081
0218675,2023,13018
0218675,2024,12884
0218805,2017,12893
0218805,2018,12639
0218805,2019,12017
0218805,2020,14017
0218805,2021,13974
0218805,2022,13647
0218805,2023,13444
0218805,2024,13082
0218925,2017,10266
0218925,2018,9646
0218925,2019,9029
0218925,2020,10360
0218925,2021,10845
0218925,2022,9864
0218925,2023,10486
0218925,2024,10314
0218950,2017,10541
0218950,2018,9571
0218950,2019,8836
0218950,2020,10939
0218950,2021,11671
0218950,2022,10269
0218950,2023,11048
0218950,2024,10614
0219060,2017,14053
0219060,2018,12965
0219060,2019,12481
0219060,2020,13574
0219060,2021,14907
0219060,2022,14485
0219060,2023,14304
0219060,2024,14557
0219720,2017,13360
0219720,2018,12997
0219720,2019,12342
0219720,2020,14276
0219720,2021,14199
0219720,2022,13627
0219720,2023,13358
0219720,2024,13369
0219750,2017,13437
0219750,2018,13092
0219750,2019,12422
0219750,2020,14349
0219750,2021,14270
0219750,2022,13702
0219750,2023,13422
0219750,2024,13448
0220020,2017,13201
0220020,2018,12800
0220020,2019,12179
0220020,2020,14107
0220020,2021,14043
0220020,2022,13445
0220020,2023,13265
0220020,2024,13226
0220380,2017,13684
0220380,2018,13504
0220380,2019,12845
0220380,2020,14842
0220380,2021,14483
0220380,2022,14332
0220380,2023,13342
0220380,2024,13891
0220600,2017,13824
0220600,2018,13591
0220600,2019,12986
0220600,2020,14959
0220600,2021,14579
0220600,2022,14424
0220600,2023,13423
0220600,2024,14023
0220970,2017,7488
0220970,2018,6876
0220970,2019,6863
0220970,2020,7492
0220970,2021,7840
0220970,2022,7169
0220970,2023,6968
0220970,2024,7032
0221040,2017,11192
0221040,2018,10461
0221040,2019,9858
0221040,2020,11518
0221040,2021,12230
0221040,2022,11128
0221040,2023,12110
0221040,2024,11598
0221150,2017,10207
0221150,2018,9157
0221150,2019,8386
0221150,2020,10730
0221150,2021,11533
0221150,2022,9805
0221150,2023,10513
0221150,2024,10060
0221370,2017,12636
0221370,2018,12431
0221370,2019,11911
0221370,2020,13919
0221370,2021,13807
0221370,2022,13143
0221370,2023,13077
0221370,2024,12999
0221810,2017,10708
0221810,2018,9605
0221810,2019,8790
0221810,2020,10954
0221810,2021,11602
0221810,2022,10227
0221810,2023,11019
0221810,2024,10632
0222140,2017,8564
0222140,2018,8154
0222140,2019,7837
0222140,2020,8381
0222140,2021,8780
0222140,2022,8105
0222140,2023,7937
0222140,2024,8274
0222250,2017,12643
0222250,2018,12056
0222250,2019,11945
0222250,2020,13237
0222250,2021,14154
0222250,2022,12965
0222250,2023,13695
0222250,2024,13041
0222910,2017,12122
0222910,2018,11366
0222910,2019,11177
0222910,2020,12452
0222910,2021,13368
0222910,2022,12361
0222910,2023,13319
0222910,2024,12540
0223460,2017,12947
0223460,2018,12676
0223460,2019,12014
0223460,2020,13926
0223460,2021,13889
0223460,2022,13246
0223460,2023,13076
0223460,2024,13118
0223720,2017,13315
0223720,2018,13078
0223720,2019,11798
0223720,2020,13555
0223720,2021,13552
0223720,2022,12486
0223720,2023,12847
0223720,2024,13036
0223790,2017,14094
0223790,2018,13918
0223790,2019,13570
0223790,2020,15040
0223790,2021,15209
0223790,2022,14421
0223790,2023,14169
0223790,2024,14211
0223900,2017,8580
0223900,2018,8123
0223900,2019,7728
0223900,2020,8439
0223900,2021,8823
0223900,2022,8164
0223900,2023,7865
0223900,2024,8327
0224230,2017,12724
0224230,2018,12445
0224230,2019,11769
0224230,2020,13703
0224230,2021,13736
0224230,2022,13091
0224230,2023,12897
0224230,2024,12915
0224660,2017,8890
0224660,2018,8311
0224660,2019,7844
0224660,2020,8773
0224660,2021,8843
0224660,2022,8590
0224660,2023,8907
0224660,2024,9049
0224980,2017,12831
0224980,2018,12550
0224980,2019,11888
0224980,2020,13797
0224980,2021,13811
0224980,2022,13178
0224980,2023,12965
0224980,2024,13012
0225000,2017,10479
0225000,2018,9838
0225000,2019,9141
0225000,2020,10908
0225000,2021,11609
0225000,2022,9985
0225000,2023,10320
0225000,2024,10370
0225220,2017,12449
0225220,2018,12359
0225220,2019,11665
0225220,2020,13686
0225220,2021,13647
0225220,2022,13215
0225220,2023,13090
0225220,2024,12761
0225550,2017,10720
0225550,2018,10094
0225550,2019,9417
0225550,2020,11100
0225550,2021,11849
0225550,2022,10269
0225550,2023,10588
0225550,2024,10614
0225880,2017,11667
0225880,2018,11555
0225880,2019,11118
0225880,2020,12940
0225880,2021,13236
0225880,2022,12343
0225880,2023,12934
0225880,2024,12426
0226100,2017,12705
0226100,2018,12480
0226100,2019,11847
0226100,2020,13951
0226100,2021,13813
0226100,2022,13073
0226100,2023,13096
0226100,2024,12839
0226760,2017,14072
0226760,2018,14090
0226760,2019,13674
0226760,2020,14896
0226760,2021,15121
0226760,2022,14847
0226760,2023,13968
0226760,2024,14493
0226835,2017,12427
0226835,2018,12066
0226835,2019,11426
0226835,2020,13343
0226835,2021,13395
0226835,2022,13288
0226835,2023,13165
0226835,2024,12738
0226870,2017,13026
0226870,2018,12761
0226870,2019,12142
0226870,2020,14008
0226870,2021,14007
0226870,2022,13379
0226870,2023,13139
0226870,2024,13202
0226910,2017,9655
0226910,2018,8636
0226910,2019,7990
0226910,2020,9636
0226910,2021,9951
0226910,2022,9159
0226910,2023,9509
0226910,2024,9325
0227090,2017,10017
0227090,2018,9265
0227090,2019,8618
0227090,2020,10037
0227090,2021,10461
0227090,2022,9530
0227090,2023,10051
0227090,2024,9907
0227145,2017,10886
0227145,2018,9820
0227145,2019,9045
0227145,2020,10832
0227145,2021,11180
0227145,2022,10027
0227145,2023,10538
0227145,2024,10289
0227420,2017,12883
0227420,2018,12614
0227420,2019,11580
0227420,2020,13363
0227420,2021,13586
0227420,2022,12669
0227420,2023,12542
0227420,2024,12883
0227530,2017,12660
0227530,2018,12451
0227530,2019,12026
0227530,2020,13830
0227530,2021,14307
0227530,2022,13592
0227530,2023,13755
0227530,2024,13307
0227640,2017,13322
0227640,2018,12256
0227640,2019,12262
0227640,2020,12382
0227640,2021,13843
0227640,2022,13713
0227640,2023,13798
0227640,2024,14039
0227700,2017,8838
0227700,2018,8374
0227700,2019,7991
0227700,2020,8677
0227700,2021,8940
0227700,2022,8223
0227700,2023,7976
0227700,2024,8361
0228200,2017,10315
0228200,2018,9587
0228200,2019,8882
0228200,2020,10647
0228200,2021,11325
0228200,2022,9748
0228200,2023,10091
0228200,2024,10155
0228590,2017,11292
0228590,2018,11156
0228590,2019,10509
0228590,2020,11916
0228590,2021,12605
0228590,2022,11360
0228590,2023,11601
0228590,2024,11679
0228740,2017,12558
0228740,2018,12333
0228740,2019,11251
0228740,2020,12959
0228740,2021,13216
0228740,2022,12302
0228740,2023,12219
0228740,2024,12572
0229130,2017,13118
0229130,2018,12842
0229130,2019,12206
0229130,2020,14096
0229130,2021,14037
0229130,2022,13388
0229130,2023,13190
0229130,2024,13276
0229180,2017,12671
0229180,2018,12025
0229180,2019,11936
0229180,2020,13142
0229180,2021,14115
0229180,2022,12872
0229180,2023,13694
0229180,2024,13017
0229290,2017,10679
0229290,2018,9972
0229290,2019,9404
0229290,2020,10972
0229290,2021,11549
0229290,2022,10582
0229290,2023,11380
0229290,2024,11000
0230060,2017,11806
0230060,2018,11583
0230060,2019,11173
0230060,2020,12874
0230060,2021,13363
0230060,2022,12388
0230060,2023,13038
0230060,2024,12491
0230500,2017,12779
0230500,2018,12480
0230500,2019,11483
0230500,2020,13254
0230500,2021,13485
0230500,2022,12564
0230500,2023,12454
0230500,2024,12788
0230940,2017,8636
0230940,2018,8209
0230940,2019,7812
0230940,2020,8467
0230940,2021,8861
0230940,2022,8165
0230940,2023,7911
0230940,2024,8344
0231050,2017,8732
0231050,2018,8357
0231050,2019,7779
0231050,2020,8738
0231050,2021,9068
0231050,2022,8367
0231050,2023,7992
0231050,2024,8501
0231270,2017,9239
0231270,2018,8426
0231270,2019,7735
0231270,2020,9230
0231270,2021,9601
0231270,2022,8826
0231270,2023,9114
0231270,2024,8992
0231710,2017,10117
0231710,2018,9308
0231710,2019,8749
0231710,2020,10417
0231710,2021,10619
0231710,2022,9672
0231710,2023,10213
0231710,2024,9894
0231765,2017,12347
0231765,2018,12127
0231765,2019,11644
0231765,2020,13741
0231765,2021,13788
0231765,2022,13145
0231765,2023,12941
0231765,2024,12818
0232150,2017,12668
0232150,2018,12497
0232150,2019,11826
0232150,2020,13962
0232150,2021,13857
0232150,2022,13493
0232150,2023,13326
0232150,2024,12849
0232310,2017,12865
0232310,2018,12398
0232310,2019,11856
0232310,2020,13780
0232310,2021,13682
0232310,2022,13063
0232310,2023,12920
0232310,2024,12853
0232550,2017,8682
0232550,2018,8219
0232550,2019,7906
0232550,2020,8584
0232550,2021,8889
0232550,2022,8303
0232550,2023,7927
0232550,2024,8509
0232810,2017,7134
0232810,2018,6602
0232810,2019,6573
0232810,2020,7255
0232810,2021,7576
0232810,2022,6940
0232810,2023,6660
0232810,2024,6710
0233030,2017,11526
0233030,2018,11182
0233030,2019,10761
0233030,2020,12544
0233030,2021,12987
0233030,2022,12128
0233030,2023,12760
0233030,2024,12269
0233140,2017,9459
0233140,2018,8752
0233140,2019,8127
0233140,2020,9609
0233140,2021,9939
0233140,2022,9066
0233140,2023,9458
0233140,2024,9306
0233360,2017,8431
0233360,2018,7949
0233360,2019,7626
0233360,2020,8331
0233360,2021,8676
0233360,2022,8062
0233360,2023,7782
0233360,2024,8210
0233470,2017,11684
0233470,2018,10894
0233470,2019,10697
0233470,2020,11818
0233470,2021,12584
0233470,2022,11999
0233470,2023,13140
0233470,2024,12332
0233580,2017,10174
0233580,2018,9187
0233580,2019,8521
0233580,2020,10302
0233580,2021,10650
0233580,2022,9534
0233580,2023,10041
0233580,2024,10045
0233800,2017,10558
0233800,2018,9780
0233800,2019,9257
0233800,2020,11010
0233800,2021,11388
0233800,2022,9917
0233800,2023,10360
0233800,2024,10243
0233910,2017,13525
0233910,2018,13398
0233910,2019,12810
0233910,2020,14509
0233910,2021,15010
0233910,2022,14181
0233910,2023,13989
0233910,2024,13872
0234350,2017,13083
0234350,2018,12873
0234350,2019,12366
0234350,2020,14078
0234350,2021,14794
0234350,2022,13978
0234350,2023,13889
0234350,2024,13591
0234460,2017,7094
0234460,2018,6517
0234460,2019,6512
0234460,2020,7160
0234460,2021,7501
0234460,2022,6910
0234460,2023,6644
0234460,2024,6632
0234570,2017,8162
0234570,2018,7630
0234570,2019,7370
0234570,2020,7740
0234570,2021,8039
0234570,2022,7386
0234570,2023,6881
0234570,2024,7534
0234790,2017,10440
0234790,2018,9425
0234790,2019,8487
0234790,2020,10816
0234790,2021,11432
0234790,2022,9854
0234790,2023,10646
0234790,2024,10335
0235120,2017,10373
0235120,2018,9420
0235120,2019,8432
0235120,2020,10639
0235120,2021,11005
0235120,2022,9783
0235120,2023,10659
0235120,2024,10359
0235890,2017,9242
0235890,2018,8622
0235890,2019,7973
0235890,2020,9134
0235890,2021,9356
0235890,2022,8773
0235890,2023,9262
0235890,2024,9290
0236400,2017,8773
0236400,2018,8234
0236400,2019,7888
0236400,2020,8743
0236400,2021,9022
0236400,2022,8490
0236400,2023,8098
0236400,2024,8671
0236540,2017,9451
0236540,2018,8702
0236540,2019,8062
0236540,2020,9573
0236540,2021,9898
0236540,2022,9035
0236540,2023,9414
0236540,2024,9258
0236770,2017,8029
0236770,2018,7542
0236770,2019,7365
0236770,2020,7946
0236770,2021,8251
0236770,2022,7651
0236770,2023,7421
0236770,2024,7849
0236990,2017,16859
0236990,2018,17283
0236990,2019,16234
0236990,2020,17901
0236990,2021,18556
0236990,2022,18163
0236990,2023,16916
0236990,2024,17568
0237250,2017,10848
0237250,2018,9775
0237250,2019,9092
0237250,2020,10845
0237250,2021,11224
0237250,2022,10076
0237250,2023,10596
0237250,2024,10302
0237430,2017,12369
0237430,2018,12235
0237430,2019,12037
0237430,2020,13542
0237430,2021,14046
0237430,2022,13145
0237430,2023,13673
0237430,2024,13167
0237540,2017,9252
0237540,2018,8503
0237540,2019,7805
0237540,2020,9521
0237540,2021,10002
0237540,2022,8847
0237540,2023,9693
0237540,2024,9265
0237650,2017,7127
0237650,2018,6626
0237650,2019,6576
0237650,2020,7250
0237650,2021,7540
0237650,2022,6931
0237650,2023,6614
0237650,2024,6749
0237975,2017,11406
0237975,2018,10745
0237975,2019,10222
0237975,2020,11862
0237975,2021,12522
0237975,2022,11542
0237975,2023,12456
0237975,2024,11876
0238090,2017,10745
0238090,2018,9728
0238090,2019,9090
0238090,2020,10866
0238090,2021,11151
0238090,2022,10071
0238090,2023,10633
0238090,2024,10303
0238420,2017,10803
0238420,2018,9741
0238420,2019,9103
0238420,2020,10700
0238420,2021,11202
0238420,2022,10040
0238420,2023,10539
0238420,2024,10317
0238910,2017,12336
0238910,2018,12058
0238910,2019,10987
0238910,2020,12598
0238910,2021,12886
0238910,2022,11928
0238910,2023,11849
0238910,2024,12170
0238970,2017,7084
0238970,2018,6584
0238970,2019,6475
0238970,2020,7083
0238970,2021,7285
0238970,2022,6851
0238970,2023,6427
0238970,2024,6780
0239300,2017,13499
0239300,2018,12913
0239300,2019,12537
0239300,2020,14177
0239300,2021,15084
0239300,2022,14240
0239300,2023,14289
0239300,2024,13983
0239410,2017,8743
0239410,2018,8128
0239410,2019,7633
0239410,2020,8679
0239410,2021,8779
0239410,2022,8497
0239410,2023,8788
0239410,2024,8872
0239630,2017,10327
0239630,2018,9314
0239630,2019,8461
0239630,2020,10729
0239630,2021,11442
0239630,2022,9806
0239630,2023,10553
0239630,2024,10185
0239740,2017,10989
0239740,2018,10337
0239740,2019,9935
0239740,2020,11326
0239740,2021,11826
0239740,2022,11094
0239740,2023,11945
0239740,2024,11452
0240400,2017,7240
0240400,2018,6672
0240400,2019,6666
0240400,2020,7369
0240400,2021,7730
0240400,2022,6998
0240400,2023,6794
0240400,2024,6743
0240510,2017,9058
0240510,2018,8655
0240510,2019,8110
0240510,2020,9158
0240510,2021,9303
0240510,2022,8556
0240510,2023,8300
0240510,2024,8809
0240645,2017,10463
0240645,2018,9587
0240645,2019,9015
0240645,2020,10698
0240645,2021,11207
0240645,2022,9778
0240645,2023,10229
0240645,2024,10226
0240670,2017,10009
0240670,2018,9385
0240670,2019,8811
0240670,2020,11256
0240670,2021,11151
0240670,2022,9269
0240670,2023,9864
0240670,2024,9944
0240840,2017,13658
0240840,2018,13405
0240840,2019,12967
0240840,2020,14558
0240840,2021,15236
0240840,2022,14241
0240840,2023,14190
0240840,2024,14137
0240950,2017,8880
0240950,2018,8173
0240950,2019,7502
0240950,2020,8795
0240950,2021,9098
0240950,2022,8311
0240950,2023,9074
0240950,2024,8950
0241210,2017,8849
0241210,2018,8138
0241210,2019,7463
0241210,2020,8769
0241210,2021,9071
0241210,2022,8275
0241210,2023,9047
0241210,2024,8924
0241280,2017,10180
0241280,2018,9297
0241280,2019,8285
0241280,2020,10406
0241280,2021,10775
0241280,2022,9597
0241280,2023,10461
0241280,2024,10178
0241500,2017,10876
0241500,2018,9763
0241500,2019,8929
0241500,2020,11073
0241500,2021,11636
0241500,2022,10383
0241500,2023,11202
0241500,2024,10791
0241610,2017,11187
0241610,2018,10535
0241610,2019,9952
0241610,2020,11472
0241610,2021,12149
0241610,2022,11116
0241610,2023,12210
0241610,2024,11646
0241720,2017,12113
0241720,2018,11475
0241720,2019,11259
0241720,2020,12622
0241720,2021,13460
0241720,2022,12405
0241720,2023,13292
0241720,2024,12551
0241830,2017,13510
0241830,2018,12776
0241830,2019,12299
0241830,2020,14154
0241830,2021,15177
0241830,2022,14296
0241830,2023,14462
0241830,2024,14044
0241940,2017,12703
0241940,2018,12197
0241940,2019,12007
0241940,2020,13452
0241940,2021,14340
0241940,2022,13241
0241940,2023,13794
0241940,2024,13222
0242050,2017,12681
0242050,2018,12437
0242050,2019,12056
0242050,2020,13798
0242050,2021,14386
0242050,2022,13548
0242050,2023,13803
0242050,2024,13385
0242160,2017,8000
0242160,2018,7637
0242160,2019,7374
0242160,2020,7979
0242160,2021,8304
0242160,2022,7614
0242160,2023,7322
0242160,2024,7803
0242380,2017,11304
0242380,2018,10613
0242380,2019,10039
0242380,2020,11751
0242380,2021,12374
0242380,2022,11371
0242380,2023,12234
0242380,2024,11709
0242490,2017,11044
0242490,2018,10368
0242490,2019,9868
0242490,2020,11352
0242490,2021,11937
0242490,2022,11056
0242490,2023,12074
0242490,2024,11558
0242805,2017,12882
0242805,2018,12656
0242805,2019,11398
0242805,2020,13207
0242805,2021,13450
0242805,2022,12463
0242805,2023,12492
0242805,2024,12723
0242820,2017,12667
0242820,2018,12399
0242820,2019,11880
0242820,2020,13582
0242820,2021,13518
0242820,2022,12986
0242820,2023,13498
0242820,2024,13020
0243040,2017,9140
0243040,2018,8398
0243040,2019,7700
0243040,2020,9262
0243040,2021,9662
0243040,2022,8636
0243040,2023,9490
0243040,2024,9179
0243260,2017,10564
0243260,2018,9957
0243260,2019,9302
0243260,2020,11191
0243260,2021,11729
0243260,2022,10043
0243260,2023,10446
0243260,2024,10490
0243810,2017,10560
0243810,2018,9407
0243810,2019,8549
0243810,2020,10840
0243810,2021,11533
0243810,2022,9962
0243810,2023,10728
0243810,2024,10375
0244030,2017,11522
0244030,2018,10842
0244030,2019,10089
0244030,2020,12153
0244030,2021,12521
0244030,2022,11453
0244030,2023,12244
0244030,2024,11668
0244580,2017,13322
0244580,2018,13148
0244580,2019,12754
0244580,2020,14213
0244580,2021,14461
0244580,2022,14015
0244580,2023,13436
0244580,2024,13787
0245020,2017,7333
0245020,2018,6815
0245020,2019,6667
0245020,2020,7285
0245020,2021,7414
0245020,2022,6961
0245020,2023,6521
0245020,2024,6983
0245295,2017,9318
0245295,2018,8316
0245295,2019,7728
0245295,2020,9197
0245295,2021,9596
0245295,2022,8915
0245295,2023,9114
0245295,2024,9021
0245460,2017,11400
0245460,2018,10864
0245460,2019,10364
0245460,2020,12095
0245460,2021,12612
0245460,2022,11680
0245460,2023,12423
0245460,2024,11920
0245700,2017,8673
0245700,2018,8311
0245700,2019,7728
0245700,2020,8700
0245700,2021,9018
0245700,2022,8304
0245700,2023,7954
0245700,2024,8441
0245790,2017,12485
0245790,2018,11813
0245790,2019,10978
0245790,2020,12767
0245790,2021,12901
0245790,2022,11911
0245790,2023,11788
0245790,2024,12177
0246010,2017,12022
0246010,2018,11855
0246010,2019,11596
0246010,2020,13294
0246010,2021,13328
0246010,2022,12758
0246010,2023,13294
0246010,2024,12627
0246780,2017,13041
0246780,2018,12860
0246780,2019,12273
0246780,2020,14300
0246780,2021,14609
0246780,2022,13984
0246780,2023,13785
0246780,2024,13417
0246890,2017,10677
0246890,2018,9781
0246890,2019,9097
0246890,2020,11052
0246890,2021,11777
0246890,2022,10471
0246890,2023,11258
0246890,2024,10805
0247000,2017,11771
0247000,2018,11268
0247000,2019,10904
0247000,2020,12434
0247000,2021,13094
0247000,2022,12122
0247000,2023,12943
0247000,2024,12336
0247735,2017,10580
0247735,2018,9825
0247735,2019,9238
0247735,2020,10954
0247735,2021,11487
0247735,2022,9991
0247735,2023,10402
0247735,2024,10359
0247990,2017,11195
0247990,2018,10490
0247990,2019,10260
0247990,2020,11370
0247990,2021,11874
0247990,2022,11279
0247990,2023,12085
0247990,2024,11625
0248200,2017,12517
0248200,2018,12379
0248200,2019,11054
0248200,2020,12747
0248200,2021,13063
0248200,2022,12028
0248200,2023,12106
0248200,2024,12375
0248540,2017,13872
0248540,2018,13665
0248540,2019,12721
0248540,2020,14620
0248540,2021,14662
0248540,2022,14014
0248540,2023,13629
0248540,2024,13840
0248590,2017,11519
0248590,2018,10871
0248590,2019,10571
0248590,2020,11928
0248590,2021,12589
0248590,2022,11821
0248590,2023,12890
0248590,2024,12187
0248870,2017,6927
0248870,2018,6433
0248870,2019,6349
0248870,2020,6924
0248870,2021,7176
0248870,2022,6797
0248870,2023,6355
0248870,2024,6671
0249200,2017,8953
0249200,2018,8252
0249200,2019,7574
0249200,2020,8855
0249200,2021,9147
0249200,2022,8371
0249200,2023,9141
0249200,2024,9021
0249530,2017,12674
0249530,2018,12460
0249530,2019,11890
0249530,2020,14141
0249530,2021,14394
0249530,2022,13873
0249530,2023,13471
0249530,2024,13135
0250080,2017,12643
0250080,2018,12417
0250080,2019,11897
0250080,2020,13886
0250080,2021,13823
0250080,2022,13139
0250080,2023,13036
0250080,2024,13006
0250190,2017,10448
0250190,2018,9451
0250190,2019,8711
0250190,2020,10459
0250190,2021,10821
0250190,2022,9772
0250190,2023,10084
0250190,2024,10005
0250800,2017,9326
0250800,2018,8904
0250800,2019,8373
0250800,2020,9470
0250800,2021,9548
0250800,2022,8770
0250800,2023,8555
0250800,2024,9087
0251180,2017,11822
0251180,2018,11094
0251180,2019,10796
0251180,2020,12245
0251180,2021,13051
0251180,2022,12066
0251180,2023,13000
0251180,2024,12284
0251455,2017,8784
0251455,2018,8396
0251455,2019,7825
0251455,2020,8772
0251455,2021,9121
0251455,2022,8425
0251455,2023,8043
0251455,2024,8562
0251960,2017,13900
0251960,2018,13696
0251960,2019,12603
0251960,2020,14587
0251960,2021,14643
0251960,2022,13924
0251960,2023,13487
0251960,2024,13779
0252060,2017,10451
0252060,2018,9361
0252060,2019,8530
0252060,2020,10816
0252060,2021,11557
0252060,2022,9907
0252060,2023,10659
0252060,2024,10277
0252210,2017,9409
0252210,2018,8780
0252210,2019,8108
0252210,2020,9457
0252210,2021,9797
0252210,2022,8977
0252210,2023,9441
0252210,2024,9313
0252390,2017,11328
0252390,2018,10629
0252390,2019,10053
0252390,2020,11734
0252390,2021,12386
0252390,2022,11376
0252390,2023,12282
0252390,2024,11747
0252720,2017,11317
0252720,2018,10609
0252720,2019,10029
0252720,2020,11725
0252720,2021,12370
0252720,2022,11357
0252720,2023,12249
0252720,2024,11721
0252845,2017,7489
0252845,2018,6886
0252845,2019,6824
0252845,2020,7490
0252845,2021,7840
0252845,2022,7155
0252845,2023,6927
0252845,2024,7033
0252915,2017,12625
0252915,2018,12503
0252915,2019,11092
0252915,2020,12844
0252915,2021,13079
0252915,2022,12027
0252915,2023,12180
0252915,2024,12430
0252940,2017,9122
0252940,2018,8436
0252940,2019,7878
0252940,2020,9099
0252940,2021,9292
0252940,2022,8874
0252940,2023,9259
0252940,2024,9248
0253050,2017,12387
0253050,2018,12074
0253050,2019,11396
0253050,2020,13237
0253050,2021,13432
0253050,2022,13258
0253050,2023,13141
0253050,2024,12704
0253270,2017,10272
0253270,2018,9319
0253270,2019,8333
0253270,2020,10554
0253270,2021,10921
0253270,2022,9704
0253270,2023,10576
0253270,2024,10264
0253710,2017,10825
0253710,2018,9700
0253710,2019,8872
0253710,2020,11027
0253710,2021,11651
0253710,2022,10293
0253710,2023,11097
0253710,2024,10716
0253820,2017,11426
0253820,2018,10720
0253820,2019,10413
0253820,2020,11798
0253820,2021,12482
0253820,2022,11714
0253820,2023,12810
0253820,2024,12083
0253930,2017,11218
0253930,2018,10569
0253930,2019,10254
0253930,2020,11594
0253930,2021,12154
0253930,2022,11466
0253930,2023,12349
0253930,2024,11787
0254050,2017,10141
0254050,2018,9371
0254050,2019,8833
0254050,2020,10429
0254050,2021,11092
0254050,2022,9892
0254050,2023,10338
0254050,2024,10049
0254085,2017,10286
0254085,2018,9597
0254085,2019,9013
0254085,2020,10474
0254085,2021,10851
0254085,2022,9874
0254085,2023,10481
0254085,2024,10240
0254150,2017,12212
0254150,2018,11996
0254150,2019,11647
0254150,2020,13301
0254150,2021,13142
0254150,2022,12555
0254150,2023,13202
0254150,2024,12594
0254260,2017,8117
0254260,2018,7659
0254260,2019,7515
0254260,2020,7869
0254260,2021,7701
0254260,2022,7992
0254260,2023,8290
0254260,2024,8518
0254480,2017,10250
0254480,2018,9377
0254480,2019,8813
0254480,2020,10538
0254480,2021,10713
0254480,2022,9751
0254480,2023,10297
0254480,2024,9991
0254700,2017,13628
0254700,2018,12776
0254700,2019,12302
0254700,2020,14122
0254700,2021,15286
0254700,2022,14281
0254700,2023,14523
0254700,2024,14029
0254920,2017,12884
0254920,2018,12042
0254920,2019,11976
0254920,2020,12991
0254920,2021,14130
0254920,2022,12809
0254920,2023,13802
0254920,2024,13145
0255030,2017,10702
0255030,2018,9745
0255030,2019,8765
0255030,2020,10938
0255030,2021,11289
0255030,2022,10062
0255030,2023,10957
0255030,2024,10659
0255140,2017,13491
0255140,2018,12850
0255140,2019,12438
0255140,2020,14192
0255140,2021,15111
0255140,2022,14276
0255140,2023,14354
0255140,2024,14014
0255745,2017,10483
0255745,2018,9770
0255745,2019,9093
0255745,2020,10801
0255745,2021,11500
0255745,2022,9951
0255745,2023,10296
0255745,2024,10331
0255910,2017,12688
0255910,2018,12402
0255910,2019,11807
0255910,2020,13812
0255910,2021,13787
0255910,2022,13116
0255910,2023,12954
0255910,2024,12970
0256220,2017,13923
0256220,2018,13809
0256220,2019,12793
0256220,2020,14705
0256220,2021,14716
0256220,2022,14142
0256220,2023,13719
0256220,2024,13992
0256320,2017,16837
0256320,2018,17284
0256320,2019,16150
0256320,2020,18171
0256320,2021,18656
0256320,2022,17873
0256320,2023,17050
0256320,2024,17214
0256350,2017,12593
0256350,2018,12375
0256350,2019,12063
0256350,2020,13723
0256350,2021,14288
0256350,2022,13432
0256350,2023,13790
0256350,2024,13350
0256600,2017,12070
0256600,2018,11266
0256600,2019,11071
0256600,2020,12336
0256600,2021,13267
0256600,2022,12292
0256600,2023,13280
0256600,2024,12498
0256680,2017,11406
0256680,2018,10743
0256680,2019,10216
0256680,2020,11861
0256680,2021,12517
0256680,2022,11540
0256680,2023,12448
0256680,2024,11872
0257340,2017,8796
0257340,2018,8095
0257340,2019,7458
0257340,2020,8816
0257340,2021,9123
0257340,2022,8246
0257340,2023,9126
0257340,2024,8922
0258330,2017,11319
0258330,2018,10615
0258330,2019,10037
0258330,2020,11731
0258330,2021,12375
0258330,2022,11366
0258330,2023,12256
0258330,2024,11728
0258550,2017,8920
0258550,2018,8210
0258550,2019,7515
0258550,2020,8854
0258550,2021,9169
0258550,2022,8362
0258550,2023,9104
0258550,2024,8963
0258660,2017,10299
0258660,2018,9641
0258660,2019,8932
0258660,2020,10772
0258660,2021,11414
0258660,2022,9761
0258660,2023,10110
0258660,2024,10177
0259320,2017,13806
0259320,2018,13759
0259320,2019,12751
0259320,2020,14523
0259320,2021,14631
0259320,2022,13884
0259320,2023,13741
0259320,2024,13846
0259540,2017,10076
0259540,2018,9184
0259540,2019,8217
0259540,2020,10315
0259540,2021,10591
0259540,2022,9527
0259540,2023,10363
0259540,2024,10063
0259650,2017,8915
0259650,2018,8474
0259650,2019,8130
0259650,2020,8724
0259650,2021,8975
0259650,2022,8224
0259650,2023,8062
0259650,2024,8347
0260200,2017,8954
0260200,2018,8329
0260200,2019,7701
0260200,2020,8877
0260200,2021,9119
0260200,2022,8550
0260200,2023,9013
0260200,2024,9039
0260310,2017,8017
0260310,2018,7644
0260310,2019,7379
0260310,2020,7987
0260310,2021,8311
0260310,2022,7623
0260310,2023,7327
0260310,2024,7812
0260460,2017,11944
0260460,2018,11289
0260460,2019,10602
0260460,2020,12657
0260460,2021,12868
0260460,2022,11863
0260460,2023,12277
0260460,2024,11934
0260640,2017,9820
0260640,2018,8911
0260640,2019,8167
0260640,2020,10030
0260640,2021,10611
0260640,2022,9281
0260640,2023,9916
0260640,2024,9761
0260750,2017,11865
0260750,2018,11284
0260750,2019,10973
0260750,2020,12418
0260750,2021,13153
0260750,2022,12170
0260750,2023,13048
0260750,2024,12391
0260860,2017,11806
0260860,2018,11135
0260860,2019,10821
0260860,2020,12295
0260860,2021,13062
0260860,2022,12077
0260860,2023,12979
0260860,2024,12292
0261080,2017,10626
0261080,2018,9872
0261080,2019,9329
0261080,2020,10839
0261080,2021,11363
0261080,2022,10534
0261080,2023,11311
0261080,2024,10918
0261120,2017,12176
0261120,2018,11879
0261120,2019,11567
0261120,2020,13413
0261120,2021,13596
0261120,2022,13104
0261120,2023,12958
0261120,2024,12758
0261190,2017,7655
0261190,2018,7142
0261190,2019,7029
0261190,2020,7640
0261190,2021,7959
0261190,2022,7302
0261190,2023,7073
0261190,2024,7332
0261630,2017,13962
0261630,2018,12690
0261630,2019,12272
0261630,2020,13964
0261630,2021,15789
0261630,2022,15199
0261630,2023,15182
0261630,2024,14898
0261700,2017,15093
0261700,2018,14950
0261700,2019,13863
0261700,2020,15993
0261700,2021,16753
0261700,2022,16638
0261700,2023,16241
0261700,2024,16256
0261788,2017,10339
0261788,2018,9425
0261788,2019,9005
0261788,2020,10646
0261788,2021,11007
0261788,2022,9720
0261788,2023,10244
0261788,2024,10198
0261825,2017,10159
0261825,2018,9097
0261825,2019,8570
0261825,2020,10329
0261825,2021,10757
0261825,2022,9514
0261825,2023,10149
0261825,2024,9993
0262125,2017,10120
0262125,2018,9241
0262125,2019,8229
0262125,2020,10348
0262125,2021,10672
0262125,2022,9550
0262125,2023,10415
0262125,2024,10122
0262285,2017,10537
0262285,2018,9441
0262285,2019,8665
0262285,2020,10869
0262285,2021,11602
0262285,2022,10088
0262285,2023,10853
0262285,2024,10448
0262510,2017,7506
0262510,2018,6818
0262510,2019,6905
0262510,2020,7461
0262510,2021,7785
0262510,2022,7227
0262510,2023,7036
0262510,2024,7099
0262620,2017,10616
0262620,2018,9665
0262620,2019,8753
0262620,2020,10868
0262620,2021,11148
0262620,2022,9997
0262620,2023,10872
0262620,2024,10500
0263170,2017,13459
0263170,2018,12482
0263170,2019,12188
0263170,2020,13414
0263170,2021,14577
0263170,2022,13773
0263170,2023,14107
0263170,2024,13891
0263280,2017,9025
0263280,2018,8394
0263280,2019,7746
0263280,2020,9124
0263280,2021,9451
0263280,2022,8662
0263280,2023,9003
0263280,2024,8883
0263390,2017,9519
0263390,2018,8718
0263390,2019,8013
0263390,2020,9512
0263390,2021,9890
0263390,2022,9036
0263390,2023,9582
0263390,2024,9529
0263610,2017,9131
0263610,2018,8433
0263610,2019,7677
0263610,2020,9034
0263610,2021,9320
0263610,2022,8498
0263610,2023,9298
0263610,2024,9168
0263870,2017,7631
0263870,2018,7113
0263870,2019,7008
0263870,2020,7620
0263870,2021,7942
0263870,2022,7284
0263870,2023,7055
0263870,2024,7298
0264240,2017,10417
0264240,2018,9455
0264240,2019,8737
0264240,2020,10331
0264240,2021,10690
0264240,2022,9713
0264240,2023,10045
0264240,2024,10055
0264380,2017,16876
0264380,2018,17327
0264380,2019,16180
0264380,2020,18214
0264380,2021,18870
0264380,2022,18122
0264380,2023,17234
0264380,2024,17449
0264600,2017,10956
0264600,2018,10247
0264600,2019,9675
0264600,2020,11287
0264600,2021,11955
0264600,2022,10913
0264600,2023,11945
0264600,2024,11407
0264820,2017,13467
0264820,2018,13326
0264820,2019,12836
0264820,2020,14701
0264820,2021,15018
0264820,2022,14407
0264820,2023,14009
0264820,2024,13887
0264930,2017,11353
0264930,2018,11021
0264930,2019,10427
0264930,2020,12290
0264930,2021,12613
0264930,2022,11603
0264930,2023,12305
0264930,2024,11788
0264980,2017,14432
0264980,2018,13642
0264980,2019,13081
0264980,2020,14797
0264980,2021,16011
0264980,2022,15058
0264980,2023,15339
0264980,2024,14896
0265345,2017,10901
0265345,2018,9828
0265345,2019,9121
0265345,2020,10801
0265345,2021,11217
0265345,2022,10058
0265345,2023,10575
0265345,2024,10351
0265590,2017,12771
0265590,2018,12592
0265590,2019,12126
0265590,2020,13884
0265590,2021,14325
0265590,2022,13607
0265590,2023,13735
0265590,2024,13281
0265700,2017,11542
0265700,2018,11006
0265700,2019,10601
0265700,2020,12263
0265700,2021,12836
0265700,2022,11906
0265700,2023,12673
0265700,2024,12118
0265800,2017,9828
0265800,2018,9148
0265800,2019,8998
0265800,2020,9606
0265800,2021,9616
0265800,2022,9529
0265800,2023,10192
0265800,2024,10202
0266140,2017,11773
0266140,2018,11103
0266140,2019,10777
0266140,2020,12279
0266140,2021,13036
0266140,2022,12050
0266140,2023,12941
0266140,2024,12260
0266360,2017,12098
0266360,2018,11672
0266360,2019,11451
0266360,2020,12880
0266360,2021,13584
0266360,2022,12442
0266360,2023,13270
0266360,2024,12609
0266470,2017,10044
0266470,2018,9342
0266470,2019,9228
0266470,2020,9820
0266470,2021,9845
0266470,2022,9738
0266470,2023,10455
0266470,2024,10428
0266510,2017,10670
0266510,2018,9659
0266510,2019,9030
0266510,2020,10531
0266510,2021,11160
0266510,2022,10015
0266510,2023,10486
0266510,2024,10310
0266550,2017,12386
0266550,2018,12153
0266550,2019,11652
0266550,2020,13780
0266550,2021,13676
0266550,2022,12993
0266550,2023,12900
0266550,2024,12818
0267020,2017,8761
0267020,2018,8144
0267020,2019,7571
0267020,2020,8712
0267020,2021,8886
0267020,2022,8467
0267020,2023,8806
0267020,2024,8850
0267460,2017,13153
0267460,2018,12085
0267460,2019,12125
0267460,2020,12413
0267460,2021,13810
0267460,2022,13463
0267460,2023,13761
0267460,2024,13780
0267570,2017,7043
0267570,2018,6555
0267570,2019,6446
0267570,2020,7048
0267570,2021,7241
0267570,2022,6820
0267570,2023,6391
0267570,2024,6749
0267680,2017,11869
0267680,2018,10986
0267680,2019,10774
0267680,2020,12009
0267680,2021,12889
0267680,2022,12060
0267680,2023,13121
0267680,2024,12346
0268230,2017,13472
0268230,2018,12921
0268230,2019,12551
0268230,2020,14191
0268230,2021,15049
0268230,2022,14269
0268230,2023,14284
0268230,2024,14002
0268340,2017,9070
0268340,2018,8453
0268340,2019,7820
0268340,2020,9197
0268340,2021,9551
0268340,2022,8746
0268340,2023,9075
0268340,2024,8950
0268370,2017,9317
0268370,2018,8712
0268370,2019,8067
0268370,2020,9430
0268370,2021,9828
0268370,2022,8980
0268370,2023,9373
0268370,2024,9255
0268560,2017,9401
0268560,2018,8402
0268560,2019,7800
0268560,2020,9298
0268560,2021,9694
0268560,2022,8964
0268560,2023,9196
0268560,2024,9098
0268670,2017,11734
0268670,2018,11557
0268670,2019,11145
0268670,2020,12887
0268670,2021,13319
0268670,2022,12397
0268670,2023,13017
0268670,2024,12486
0268890,2017,12414
0268890,2018,12020
0268890,2019,11947
0268890,2020,13225
0268890,2021,13972
0268890,2022,12874
0268890,2023,13550
0268890,2024,12945
0269770,2017,13846
0269770,2018,12852
0269770,2019,12408
0269770,2020,13964
0269770,2021,15047
0269770,2022,14329
0269770,2023,14347
0269770,2024,14250
0270100,2017,13622
0270100,2018,13334
0270100,2019,12926
0270100,2020,14477
0270100,2021,15183
0270100,2022,14224
0270100,2023,14157
0270100,2024,14092
0270320,2017,12338
0270320,2018,12055
0270320,2019,11101
0270320,2020,12762
0270320,2021,13031
0270320,2022,12102
0270320,2023,12008
0270320,2024,12360
0270540,2017,7653
0270540,2018,7123
0270540,2019,6987
0270540,2020,7629
0270540,2021,7860
0270540,2022,7334
0270540,2023,7153
0270540,2024,7459
0270760,2017,8823
0270760,2018,8483
0270760,2019,7855
0270760,2020,8879
0270760,2021,9233
0270760,2022,8507
0270760,2023,8096
0270760,2024,8623
0270870,2017,10968
0270870,2018,10616
0270870,2019,9608
0270870,2020,11394
0270870,2021,11502
0270870,2022,10239
0270870,2023,10740
0270870,2024,10664
0270930,2017,13461
0270930,2018,13328
0270930,2019,12274
0270930,2020,14167
0270930,2021,14259
0270930,2022,13537
0270930,2023,13186
0270930,2024,13429
0271090,2017,11264
0271090,2018,10897
0271090,2019,10287
0271090,2020,12182
0271090,2021,12496
0271090,2022,11488
0271090,2023,12196
0271090,2024,11664
0271640,2017,10844
0271640,2018,9772
0271640,2019,9064
0271640,2020,10844
0271640,2021,11208
0271640,2022,10055
0271640,2023,10577
0271640,2024,10282
0272135,2017,10427
0272135,2018,9682
0272135,2019,9003
0272135,2020,10722
0272135,2021,11400
0272135,2022,9863
0272135,2023,10217
0272135,2024,10263
0272190,2017,10481
0272190,2018,9402
0272190,2019,8569
0272190,2020,10843
0272190,2021,11578
0272190,2022,9926
0272190,2023,10685
0272190,2024,10305
0272230,2017,12692
0272230,2018,12393
0272230,2019,11728
0272230,2020,13656
0272230,2021,13692
0272230,2022,13048
0272230,2023,12869
0272230,2024,12879
0272960,2017,12169
0272960,2018,11750
0272960,2019,11568
0272960,2020,12919
0272960,2021,13656
0272960,2022,12495
0272960,2023,13351
0272960,2024,12688
0272985,2017,12791
0272985,2018,12491
0272985,2019,11880
0272985,2020,13793
0272985,2021,13831
0272985,2022,13187
0272985,2023,12955
0272985,2024,12996
0273070,2017,10842
0273070,2018,9752
0273070,2019,8990
0273070,2020,10798
0273070,2021,11151
0273070,2022,9986
0273070,2023,10501
0273070,2024,10242
0273290,2017,13581
0273290,2018,13535
0273290,2019,13220
0273290,2020,14300
0273290,2021,14666
0273290,2022,14240
0273290,2023,13425
0273290,2024,13730
0273400,2017,11312
0273400,2018,10977
0273400,2019,10327
0273400,2020,12235
0273400,2021,12512
0273400,2022,11509
0273400,2023,12214
0273400,2024,11654
0273950,2017,10259
0273950,2018,9229
0273950,2019,8521
0273950,2020,10278
0273950,2021,10672
0273950,2022,9611
0273950,2023,9993
0273950,2024,9995
0274340,2017,10867
0274340,2018,10520
0274340,2019,9152
0274340,2020,10940
0274340,2021,11194
0274340,2022,9928
0274340,2023,10450
0274340,2024,10471
0274350,2017,10684
0274350,2018,10135
0274350,2019,9480
0274350,2020,11232
0274350,2021,11530
0274350,2022,10216
0274350,2023,10656
0274350,2024,10580
0274525,2017,10363
0274525,2018,9880
0274525,2019,9141
0274525,2020,11012
0274525,2021,11744
0274525,2022,9973
0274525,2023,10274
0274525,2024,10325
0274610,2017,12054
0274610,2018,11907
0274610,2019,11672
0274610,2020,13405
0274610,2021,13442
0274610,2022,12816
0274610,2023,13379
0274610,2024,12753
0274830,2017,10764
0274830,2018,10264
0274830,2019,9670
0274830,2020,11362
0274830,2021,11579
0274830,2022,10328
0274830,2023,10756
0274830,2024,10697
0275050,2017,13773
0275050,2018,13437
0275050,2019,12672
0275050,2020,14562
0275050,2021,14523
0275050,2022,14025
0275050,2023,13656
0275050,2024,13718
0275077,2017,10516
0275077,2018,9774
0275077,2019,9121
0275077,2020,10817
0275077,2021,11478
0275077,2022,9960
0275077,2023,10328
0275077,2024,10348
0275160,2017,13266
0275160,2018,13117
0275160,2019,12564
0275160,2020,14325
0275160,2021,14608
0275160,2022,13898
0275160,2023,13900
0275160,2024,13686
0275380,2017,9506
0275380,2018,9075
0275380,2019,8517
0275380,2020,9742
0275380,2021,10146
0275380,2022,9514
0275380,2023,9537
0275380,2024,9646
0275480,2017,12382
0275480,2018,12106
0275480,2019,11134
0275480,2020,12813
0275480,2021,13078
0275480,2022,12154
0275480,2023,12063
0275480,2024,12417
0275930,2017,13407
0275930,2018,12457
0275930,2019,12180
0275930,2020,13448
0275930,2021,14588
0275930,2022,13727
0275930,2023,14114
0275930,2024,13823
0276260,2017,8474
0276260,2018,7984
0276260,2019,7690
0276260,2020,8397
0276260,2021,8621
0276260,2022,7963
0276260,2023,7747
0276260,2024,8156
0276590,2017,13976
0276590,2018,13766
0276590,2019,12851
0276590,2020,14754
0276590,2021,14729
0276590,2022,14169
0276590,2023,13737
0276590,2024,13947
0277140,2017,7348
0277140,2018,6794
0277140,2019,6697
0277140,2020,7386
0277140,2021,7689
0277140,2022,7046
0277140,2023,6749
0277140,2024,6945
0277690,2017,10560
0277690,2018,9787
0277690,2019,9168
0277690,2020,10891
0277690,2021,11531
0277690,2022,10415
0277690,2023,11228
0277690,2024,10877
0277800,2017,13996
0277800,2018,13704
0277800,2019,12890
0277800,2020,14782
0277800,2021,14724
0277800,2022,14198
0277800,2023,13778
0277800,2024,13921
0278240,2017,11225
0278240,2018,10551
0278240,2019,10264
0278240,2020,11544
0278240,2021,12100
0278240,2022,11451
0278240,2023,12307
0278240,2024,11763
0278297,2017,12692
0278297,2018,12676
0278297,2019,11240
0278297,2020,12858
0278297,2021,13134
0278297,2022,12247
0278297,2023,12259
0278297,2024,12591
0278350,2017,12319
0278350,2018,12130
0278350,2019,10971
0278350,2020,12502
0278350,2021,12815
0278350,2022,11899
0278350,2023,11851
0278350,2024,12250
0278680,2017,10815
0278680,2018,10301
0278680,2019,9686
0278680,2020,11410
0278680,2021,11616
0278680,2022,10377
0278680,2023,10817
0278680,2024,10745
0278790,2017,11338
0278790,2018,10711
0278790,2019,10164
0278790,2020,11888
0278790,2021,12463
0278790,2022,11497
0278790,2023,12300
0278790,2024,11782
0279120,2017,11298
0279120,2018,10613
0279120,2019,10016
0279120,2020,11641
0279120,2021,12347
0279120,2022,11273
0279120,2023,12292
0279120,2024,11735
0279230,2017,11260
0279230,2018,10585
0279230,2019,10311
0279230,2020,11562
0279230,2021,12120
0279230,2022,11494
0279230,2023,12340
0279230,2024,11802
0279780,2017,10570
0279780,2018,9791
0279780,2019,9168
0279780,2020,10909
0279780,2021,11555
0279780,2022,10424
0279780,2023,11243
0279780,2024,10887
0279830,2017,12522
0279830,2018,12184
0279830,2019,11811
0279830,2020,13682
0279830,2021,13815
0279830,2022,13204
0279830,2023,13028
0279830,2024,12969
0279890,2017,10103
0279890,2018,9679
0279890,2019,8817
0279890,2020,10444
0279890,2021,10971
0279890,2022,9807
0279890,2023,10272
0279890,2024,10068
0280100,2017,9695
0280100,2018,8805
0280100,2019,8070
0280100,2020,9933
0280100,2021,10516
0280100,2022,9184
0280100,2023,9809
0280100,2024,9657
0280660,2017,12148
0280660,2018,11885
0280660,2019,11734
0280660,2020,13112
0280660,2021,13670
0280660,2022,12662
0280660,2023,13316
0280660,2024,12744
0280770,2017,8454
0280770,2018,7934
0280770,2019,7657
0280770,2020,8270
0280770,2021,8207
0280770,2022,8228
0280770,2023,8553
0280770,2024,8745
0281320,2017,11400
0281320,2018,10871
0281320,2019,10372
0281320,2020,12105
0281320,2021,12617
0281320,2022,11685
0281320,2023,12426
0281320,2024,11923
0281920,2017,17005
0281920,2018,17555
0281920,2019,16131
0281920,2020,18681
0281920,2021,18613
0281920,2022,18129
0281920,2023,17465
0281920,2024,17796
0282200,2017,9924
0282200,2018,9529
0282200,2019,8902
0282200,2020,10258
0282200,2021,10643
0282200,2022,9900
0282200,2023,9904
0282200,2024,10042
0282420,2017,14337
0282420,2018,14264
0282420,2019,14146
0282420,2020,15093
0282420,2021,15290
0282420,2022,15019
0282420,2023,14212
0282420,2024,14615
0282750,2017,16304
0282750,2018,16645
0282750,2019,15215
0282750,2020,17571
0282750,2021,17746
0282750,2022,17565
0282750,2023,16903
0282750,2024,17137
0282860,2017,13882
0282860,2018,12825
0282860,2019,12467
0282860,2020,13598
0282860,2021,14838
0282860,2022,14292
0282860,2023,14298
0282860,2024,14379
0283080,2017,10507
0283080,2018,9734
0283080,2019,9100
0283080,2020,10794
0283080,2021,11415
0283080,2022,9921
0283080,2023,10311
0283080,2024,10322
0284000,2017,7623
0284000,2018,7069
0284000,2019,6935
0284000,2020,7578
0284000,2021,7909
0284000,2022,7237
0284000,2023,6984
0284000,2024,7248
0284070,2017,12855
0284070,2018,12172
0284070,2019,12100
0284070,2020,13264
0284070,2021,14288
0284070,2022,13053
0284070,2023,13848
0284070,2024,13200
0284120,2017,12597
0284120,2018,12303
0284120,2019,11759
0284120,2020,13864
0284120,2021,13709
0284120,2022,12974
0284120,2023,13023
0284120,2024,12762
0284200,2017,8348
0284200,2018,7861
0284200,2019,7558
0284200,2020,8261
0284200,2021,8613
0284200,2022,8016
0284200,2023,7737
0284200,2024,8167
0284510,2017,9977
0284510,2018,9109
0284510,2019,8453
0284510,2020,10071
0284510,2021,10281
0284510,2022,9473
0284510,2023,9647
0284510,2024,9551
0285280,2017,10745
0285280,2018,10097
0285280,2019,9411
0285280,2020,11207
0285280,2021,11467
0285280,2022,10051
0285280,2023,10495
0285280,2024,10472
0285290,2017,12312
0285290,2018,12083
0285290,2019,11008
0285290,2020,12624
0285290,2021,12920
0285290,2022,11957
0285290,2023,11886
0285290,2024,12266
0285610,2017,14394
0285610,2018,14241
0285610,2019,13997
0285610,2020,15399
0285610,2021,15716
0285610,2022,14949
0285610,2023,14655
0285610,2024,14783
0285680,2017,8882
0285680,2018,8172
0285680,2019,7488
0285680,2020,8796
0285680,2021,9089
0285680,2022,8291
0285680,2023,9077
0285680,2024,8954
0286380,2017,7842
0286380,2018,7427
0286380,2019,7144
0286380,2020,7743
0286380,2021,7981
0286380,2022,7373
0286380,2023,7020
0286380,2024,7573
0286490,2017,9175
0286490,2018,8525
0286490,2019,8076
0286490,2020,9145
0286490,2021,9489
0286490,2022,8754
0286490,2023,8628
0286490,2024,8615
